"","mean_CI","low_CI","high_CI","category_combination","focus","question","orderCategoryCombination","filterType","filterValue","X5","significantDifference","sizeSignificantDifference"
"1",0.478260869565217,0.272868331837214,0.683522972510612,"dComplex_focus,E","WHAT_Ql","reverseB","focus complexity: Easy","p",0,NA,NA,NA
"2",0.375,0.223748406605188,0.524066593394812,"dComplex_focus,M","WHAT_Ql","reverseB","focus complexity: Medium","p",0,NA,NA,NA
"3",0.433333333333333,0.257842823508521,0.61005717649148,"dComplex_focus,H","WHAT_Ql","reverseB","focus complexity: Hard","p",0,NA,NA,NA
"4",0.384615384615385,0.19828574935025,0.572368096803597,"dComplex_focus,E","WHAT_Qn","reverseB","focus complexity: Easy","p",0,NA,NA,NA
"5",0.32,0.136197057844415,0.503826942155585,"dComplex_focus,M","WHAT_Qn","reverseB","focus complexity: Medium","p",0,NA,NA,NA
"6",0.310344827586207,0.142275839719291,0.47764140166002,"dComplex_focus,H","WHAT_Qn","reverseB","focus complexity: Hard","p",0,NA,NA,NA
"7",0.222222222222222,0.0321077538209662,0.4120589128457,"dComplex_focus,E","WHERE","reverseB","focus complexity: Easy","p",0,NA,NA,NA
"8",0.518518518518518,0.330583330132602,0.708261114311843,"dComplex_focus,M","WHERE","reverseB","focus complexity: Medium","p",0,NA,NA,NA
"9",0.384615384615385,0.196066266359785,0.573872195178677,"dComplex_focus,H","WHERE","reverseB","focus complexity: Hard","p",0,NA,NA,NA
"10",0.130434782608696,-0.192983424415174,0.454626902676044,"dComplex_focus,E_M","WHAT_Ql","reverseB","focus complexity: Easy-Medium","p",0,"",FALSE,0
"11",0.0869565217391304,-0.235141280808558,0.404576063417253,"dComplex_focus,E_H","WHAT_Ql","reverseB","focus complexity: Easy-Hard","p",0,"",FALSE,0
"12",-0.133333333333333,-0.371065818912696,0.103185818912696,"dComplex_focus,M_H","WHAT_Ql","reverseB","focus complexity: Medium-Hard","p",0,"",FALSE,0
"13",0.08,-0.189084246309734,0.348092246309734,"dComplex_focus,E_M","WHAT_Qn","reverseB","focus complexity: Easy-Medium","p",0,"",FALSE,0
"14",0.0384615384615385,-0.23152231089881,0.306499233975733,"dComplex_focus,E_H","WHAT_Qn","reverseB","focus complexity: Easy-Hard","p",0,"",FALSE,0
"15",0,-0.269634458199723,0.271722458199723,"dComplex_focus,M_H","WHAT_Qn","reverseB","focus complexity: Medium-Hard","p",0,"",FALSE,0
"16",-0.333333333333333,-0.599789805599899,-0.066187972177879,"dComplex_focus,E_M","WHERE","reverseB","focus complexity: Easy-Medium","p",0,"",TRUE,1
"17",-0.0555555555555556,-0.296369979807975,0.186336646474641,"dComplex_focus,E_H","WHERE","reverseB","focus complexity: Easy-Hard","p",0,"",FALSE,0
"18",0.115384615384615,-0.133368138554286,0.364206600092747,"dComplex_focus,M_H","WHERE","reverseB","focus complexity: Medium-Hard","p",0,"",FALSE,0
"19",0.454545454545455,0.246411528114896,0.663197562794194,"dComplex_focus,E","WHAT_Ql","reverseB","focus complexity: Easy","p",5,NA,NA,NA
"20",0.352941176470588,0.193287320782965,0.512830326275858,"dComplex_focus,M","WHAT_Ql","reverseB","focus complexity: Medium","p",5,NA,NA,NA
"21",0.433333333333333,0.258162480878227,0.609337519121773,"dComplex_focus,H","WHAT_Ql","reverseB","focus complexity: Hard","p",5,NA,NA,NA
"22",0.391304347826087,0.190117591765258,0.592569364756481,"dComplex_focus,E","WHAT_Qn","reverseB","focus complexity: Easy","p",5,NA,NA,NA
"23",0.32,0.137330072007249,0.500069927992751,"dComplex_focus,M","WHAT_Qn","reverseB","focus complexity: Medium","p",5,NA,NA,NA
"24",0.32,0.136930403423066,0.503437596576934,"dComplex_focus,H","WHAT_Qn","reverseB","focus complexity: Hard","p",5,NA,NA,NA
"25",0.125,-0.0381575270328026,0.288420027032803,"dComplex_focus,E","WHERE","reverseB","focus complexity: Easy","p",5,NA,NA,NA
"26",0.52,0.324425419581211,0.717806580418789,"dComplex_focus,M","WHERE","reverseB","focus complexity: Medium","p",5,NA,NA,NA
"27",0.384615384615385,0.197955485661102,0.571159898954283,"dComplex_focus,H","WHERE","reverseB","focus complexity: Hard","p",5,NA,NA,NA
"28",0.0909090909090909,-0.239420845022302,0.421239026840484,"dComplex_focus,E_M","WHAT_Ql","reverseB","focus complexity: Easy-Medium","p",5,"",FALSE,0
"29",0.0454545454545455,-0.222230060126783,0.314075514672237,"dComplex_focus,E_H","WHAT_Ql","reverseB","focus complexity: Easy-Hard","p",5,"",FALSE,0
"30",-0.1,-0.351953674032758,0.152647007366092,"dComplex_focus,M_H","WHAT_Ql","reverseB","focus complexity: Medium-Hard","p",5,"",FALSE,0
"31",0.0869565217391304,-0.148156539780001,0.325260887606088,"dComplex_focus,E_M","WHAT_Qn","reverseB","focus complexity: Easy-Medium","p",5,"",FALSE,0
"32",0.0434782608695652,-0.211523658400724,0.294662788835506,"dComplex_focus,E_H","WHAT_Qn","reverseB","focus complexity: Easy-Hard","p",5,"",FALSE,0
"33",0,-0.273949482265427,0.274141482265427,"dComplex_focus,M_H","WHAT_Qn","reverseB","focus complexity: Medium-Hard","p",5,"",FALSE,0
"34",-0.4375,-0.679035889838975,-0.192114110161025,"dComplex_focus,E_M","WHERE","reverseB","focus complexity: Easy-Medium","p",5,"",TRUE,1
"35",-0.1875,-0.442885889736204,0.0711983897362041,"dComplex_focus,E_H","WHERE","reverseB","focus complexity: Easy-Hard","p",5,"",FALSE,0
"36",0.16,-0.104167675906575,0.423471675906575,"dComplex_focus,M_H","WHERE","reverseB","focus complexity: Medium-Hard","p",5,"",FALSE,0
"37",0.473684210526316,0.247974292533956,0.699457286413413,"dComplex_focus,E","WHAT_Ql","reverseB","focus complexity: Easy","p",10,NA,NA,NA
"38",0.352941176470588,0.190898859351421,0.516601140648579,"dComplex_focus,M","WHAT_Ql","reverseB","focus complexity: Medium","p",10,NA,NA,NA
"39",0.444444444444444,0.255073204089009,0.632541610725806,"dComplex_focus,H","WHAT_Ql","reverseB","focus complexity: Hard","p",10,NA,NA,NA
"40",0.380952380952381,0.172803526547567,0.5882631401191,"dComplex_focus,E","WHAT_Qn","reverseB","focus complexity: Easy","p",10,NA,NA,NA
"41",0.347826086956522,0.151149619413166,0.542919945804225,"dComplex_focus,M","WHAT_Qn","reverseB","focus complexity: Medium","p",10,NA,NA,NA
"42",0.315789473684211,0.10807938356648,0.524331142749309,"dComplex_focus,H","WHAT_Qn","reverseB","focus complexity: Hard","p",10,NA,NA,NA
"43",0.133333333333333,-0.0404939293200753,0.305920595986742,"dComplex_focus,E","WHERE","reverseB","focus complexity: Easy","p",10,NA,NA,NA
"44",0.541666666666667,0.343287608213054,0.742212391786946,"dComplex_focus,M","WHERE","reverseB","focus complexity: Medium","p",10,NA,NA,NA
"45",0.384615384615385,0.20030740431167,0.571731057226792,"dComplex_focus,H","WHERE","reverseB","focus complexity: Hard","p",10,NA,NA,NA
"46",0.105263157894737,-0.182682594311836,0.392756278522362,"dComplex_focus,E_M","WHAT_Ql","reverseB","focus complexity: Easy-Medium","p",10,"",FALSE,0
"47",0.105263157894737,-0.184162231103184,0.391456967945289,"dComplex_focus,E_H","WHAT_Ql","reverseB","focus complexity: Easy-Hard","p",10,"",FALSE,0
"48",-0.111111111111111,-0.348841053711956,0.127655868526771,"dComplex_focus,M_H","WHAT_Ql","reverseB","focus complexity: Medium-Hard","p",10,"",FALSE,0
"49",0.0476190476190476,-0.261129945878073,0.356282326830454,"dComplex_focus,E_M","WHAT_Qn","reverseB","focus complexity: Easy-Medium","p",10,"",FALSE,0
"50",0,-0.253038128313363,0.249459180944942,"dComplex_focus,E_H","WHAT_Qn","reverseB","focus complexity: Easy-Hard","p",10,"",FALSE,0
"51",0.0526315789473684,-0.25407104289618,0.355565779738285,"dComplex_focus,M_H","WHAT_Qn","reverseB","focus complexity: Medium-Hard","p",10,"",FALSE,0
"52",-0.4,-0.648507425174411,-0.155692574825589,"dComplex_focus,E_M","WHERE","reverseB","focus complexity: Easy-Medium","p",10,"",TRUE,1
"53",-0.2,-0.474625898933372,0.0785325656000388,"dComplex_focus,E_H","WHERE","reverseB","focus complexity: Easy-Hard","p",10,"",FALSE,0
"54",0.208333333333333,-0.0922386354186316,0.507188635418632,"dComplex_focus,M_H","WHERE","reverseB","focus complexity: Medium-Hard","p",10,"",FALSE,0
"55",0.444444444444444,0.21688833496324,0.671922776147871,"dComplex_focus,E","WHAT_Ql","reverseB","focus complexity: Easy","p",15,NA,NA,NA
"56",0.34375,0.182760245682192,0.505808504317808,"dComplex_focus,M","WHAT_Ql","reverseB","focus complexity: Medium","p",15,NA,NA,NA
"57",0.444444444444444,0.258119348822582,0.632554725251492,"dComplex_focus,H","WHAT_Ql","reverseB","focus complexity: Hard","p",15,NA,NA,NA
"58",0.421052631578947,0.198427469291058,0.641593583340521,"dComplex_focus,E","WHAT_Qn","reverseB","focus complexity: Easy","p",15,NA,NA,NA
"59",0.347826086956522,0.151920981068017,0.544261627627635,"dComplex_focus,M","WHAT_Qn","reverseB","focus complexity: Medium","p",15,NA,NA,NA
"60",0.333333333333333,0.114335154354726,0.551853734534163,"dComplex_focus,H","WHAT_Qn","reverseB","focus complexity: Hard","p",15,NA,NA,NA
"61",0.142857142857143,-0.0392993324976455,0.329099332497646,"dComplex_focus,E","WHERE","reverseB","focus complexity: Easy","p",15,NA,NA,NA
"62",0.541666666666667,0.343492043000282,0.741224623666384,"dComplex_focus,M","WHERE","reverseB","focus complexity: Medium","p",15,NA,NA,NA
"63",0.375,0.180587759499071,0.568237240500929,"dComplex_focus,H","WHERE","reverseB","focus complexity: Hard","p",15,NA,NA,NA
"64",0.111111111111111,-0.148801395942344,0.370901395942344,"dComplex_focus,E_M","WHAT_Ql","reverseB","focus complexity: Easy-Medium","p",15,"",FALSE,0
"65",0.111111111111111,-0.151237686946485,0.375626575835374,"dComplex_focus,E_H","WHAT_Ql","reverseB","focus complexity: Easy-Hard","p",15,"",FALSE,0
"66",-0.111111111111111,-0.34623142270594,0.128735126409644,"dComplex_focus,M_H","WHAT_Ql","reverseB","focus complexity: Medium-Hard","p",15,"",FALSE,0
"67",0.0526315789473684,-0.217791560733657,0.325854718628393,"dComplex_focus,E_M","WHAT_Qn","reverseB","focus complexity: Easy-Medium","p",15,"",FALSE,0
"68",0.0555555555555556,-0.271970908599951,0.381693130822173,"dComplex_focus,E_H","WHAT_Qn","reverseB","focus complexity: Easy-Hard","p",15,"",FALSE,0
"69",0,-0.309739851423899,0.307228740312788,"dComplex_focus,M_H","WHAT_Qn","reverseB","focus complexity: Medium-Hard","p",15,"",FALSE,0
"70",-0.428571428571429,-0.755597700949443,-0.100773727621986,"dComplex_focus,E_M","WHERE","reverseB","focus complexity: Easy-Medium","p",15,"",TRUE,1
"71",-0.214285714285714,-0.507800027520065,0.0771428846629222,"dComplex_focus,E_H","WHERE","reverseB","focus complexity: Easy-Hard","p",15,"",FALSE,0
"72",0.166666666666667,-0.129370616152559,0.462245616152559,"dComplex_focus,M_H","WHERE","reverseB","focus complexity: Medium-Hard","p",15,"",FALSE,0
"73",0.444444444444444,0.211671478024532,0.675639633086579,"dComplex_focus,E","WHAT_Ql","reverseB","focus complexity: Easy","p",20,NA,NA,NA
"74",0.34375,0.17964021968515,0.50825353031485,"dComplex_focus,M","WHAT_Ql","reverseB","focus complexity: Medium","p",20,NA,NA,NA
"75",0.444444444444444,0.258254185071588,0.632019889002486,"dComplex_focus,H","WHAT_Ql","reverseB","focus complexity: Hard","p",20,NA,NA,NA
"76",0.466666666666667,0.211847969988151,0.722232030011849,"dComplex_focus,E","WHAT_Qn","reverseB","focus complexity: Easy","p",20,NA,NA,NA
"77",0.347826086956522,0.153020243048516,0.543536278690614,"dComplex_focus,M","WHAT_Qn","reverseB","focus complexity: Medium","p",20,NA,NA,NA
"78",0.352941176470588,0.127166351542693,0.581139530810248,"dComplex_focus,H","WHAT_Qn","reverseB","focus complexity: Hard","p",20,NA,NA,NA
"79",0.166666666666667,-0.0460945942861699,0.37689459428617,"dComplex_focus,E","WHERE","reverseB","focus complexity: Easy","p",20,NA,NA,NA
"80",0.541666666666667,0.342603980812675,0.740446019187325,"dComplex_focus,M","WHERE","reverseB","focus complexity: Medium","p",20,NA,NA,NA
"81",0.391304347826087,0.190105882201288,0.59026803084219,"dComplex_focus,H","WHERE","reverseB","focus complexity: Hard","p",20,NA,NA,NA
"82",0.111111111111111,-0.14935871304481,0.371747601933699,"dComplex_focus,E_M","WHAT_Ql","reverseB","focus complexity: Easy-Medium","p",20,"",FALSE,0
"83",0.111111111111111,-0.150851768380814,0.372473990603037,"dComplex_focus,E_H","WHAT_Ql","reverseB","focus complexity: Easy-Hard","p",20,"",FALSE,0
"84",-0.111111111111111,-0.347709957326148,0.124176623992815,"dComplex_focus,M_H","WHAT_Ql","reverseB","focus complexity: Medium-Hard","p",20,"",FALSE,0
"85",0.2,-0.0744630488064481,0.475303048806448,"dComplex_focus,E_M","WHAT_Qn","reverseB","focus complexity: Easy-Medium","p",20,"",FALSE,0
"86",0.0666666666666667,-0.223298548904622,0.356018548904622,"dComplex_focus,E_H","WHAT_Qn","reverseB","focus complexity: Easy-Hard","p",20,"",FALSE,0
"87",-0.0588235294117647,-0.358867672892414,0.24035002583359,"dComplex_focus,M_H","WHAT_Qn","reverseB","focus complexity: Medium-Hard","p",20,"",FALSE,0
"88",-0.416666666666667,-0.691780823497123,-0.138919176502877,"dComplex_focus,E_M","WHERE","reverseB","focus complexity: Easy-Medium","p",20,"",TRUE,1
"89",-0.25,-0.587427504666265,0.0902608379995988,"dComplex_focus,E_H","WHERE","reverseB","focus complexity: Easy-Hard","p",20,"",FALSE,0
"90",0.130434782608696,-0.170396233989541,0.431231016598236,"dComplex_focus,M_H","WHERE","reverseB","focus complexity: Medium-Hard","p",20,"",FALSE,0
"91",0.444444444444444,0.213921880027941,0.676922564416504,"dComplex_focus,E","WHAT_Ql","reverseB","focus complexity: Easy","p",25,NA,NA,NA
"92",0.34375,0.177785954967907,0.508770295032093,"dComplex_focus,M","WHAT_Ql","reverseB","focus complexity: Medium","p",25,NA,NA,NA
"93",0.444444444444444,0.257414786842562,0.63103706500929,"dComplex_focus,H","WHAT_Ql","reverseB","focus complexity: Hard","p",25,NA,NA,NA
"94",0.416666666666667,0.132885104547046,0.693481562119621,"dComplex_focus,E","WHAT_Qn","reverseB","focus complexity: Easy","p",25,NA,NA,NA
"95",0.363636363636364,0.163085719822205,0.562587007450523,"dComplex_focus,M","WHAT_Qn","reverseB","focus complexity: Medium","p",25,NA,NA,NA
"96",0.375,0.13796792908881,0.61133207091119,"dComplex_focus,H","WHAT_Qn","reverseB","focus complexity: Hard","p",25,NA,NA,NA
"97",0.0909090909090909,-0.0805662464308213,0.261493519158094,"dComplex_focus,E","WHERE","reverseB","focus complexity: Easy","p",25,NA,NA,NA
"98",0.541666666666667,0.344090430523494,0.740317902809839,"dComplex_focus,M","WHERE","reverseB","focus complexity: Medium","p",25,NA,NA,NA
"99",0.409090909090909,0.203381750791184,0.616845521936089,"dComplex_focus,H","WHERE","reverseB","focus complexity: Hard","p",25,NA,NA,NA
"100",0.111111111111111,-0.148091812353251,0.370847367908807,"dComplex_focus,E_M","WHAT_Ql","reverseB","focus complexity: Easy-Medium","p",25,"",FALSE,0
"101",0.111111111111111,-0.149755753584783,0.370900198029228,"dComplex_focus,E_H","WHAT_Ql","reverseB","focus complexity: Easy-Hard","p",25,"",FALSE,0
"102",-0.111111111111111,-0.351153375744402,0.126679301670328,"dComplex_focus,M_H","WHAT_Ql","reverseB","focus complexity: Medium-Hard","p",25,"",FALSE,0
"103",0.0833333333333333,-0.278925668460832,0.450959001794165,"dComplex_focus,E_M","WHAT_Qn","reverseB","focus complexity: Easy-Medium","p",25,"",FALSE,0
"104",0.0833333333333333,-0.341792644428394,0.511025977761728,"dComplex_focus,E_H","WHAT_Qn","reverseB","focus complexity: Easy-Hard","p",25,"",FALSE,0
"105",-0.0625,-0.384107812111682,0.262670312111682,"dComplex_focus,M_H","WHAT_Qn","reverseB","focus complexity: Medium-Hard","p",25,"",FALSE,0
"106",-0.454545454545455,-0.74747950780593,-0.162429583103161,"dComplex_focus,E_M","WHERE","reverseB","focus complexity: Easy-Medium","p",25,"",TRUE,1
"107",-0.363636363636364,-0.649829083361758,-0.0746436439109698,"dComplex_focus,E_H","WHERE","reverseB","focus complexity: Easy-Hard","p",25,"",TRUE,1
"108",0.136363636363636,-0.178861229121871,0.457270320030962,"dComplex_focus,M_H","WHERE","reverseB","focus complexity: Medium-Hard","p",25,"",FALSE,0
"109",0.444444444444444,0.214405790090289,0.674194209909711,"dComplex_focus,E","WHAT_Ql","reverseB","focus complexity: Easy","p",35,NA,NA,NA
"110",0.366666666666667,0.195552047758241,0.538167952241759,"dComplex_focus,M","WHAT_Ql","reverseB","focus complexity: Medium","p",35,NA,NA,NA
"111",0.44,0.248883810928922,0.634580189071078,"dComplex_focus,H","WHAT_Ql","reverseB","focus complexity: Hard","p",35,NA,NA,NA
"112",0.416666666666667,0.138798509265709,0.694168157400958,"dComplex_focus,E","WHAT_Qn","reverseB","focus complexity: Easy","p",35,NA,NA,NA
"113",0.4,0.150773060383862,0.649626939616138,"dComplex_focus,M","WHAT_Qn","reverseB","focus complexity: Medium","p",35,NA,NA,NA
"114",0.375,0.138774017072314,0.610313482927686,"dComplex_focus,H","WHAT_Qn","reverseB","focus complexity: Hard","p",35,NA,NA,NA
"115",0.125,-0.102594487601661,0.35436948760166,"dComplex_focus,E","WHERE","reverseB","focus complexity: Easy","p",35,NA,NA,NA
"116",0.5,0.291350631887013,0.707031186294805,"dComplex_focus,M","WHERE","reverseB","focus complexity: Medium","p",35,NA,NA,NA
"117",0.411764705882353,0.178735932551955,0.646464067448045,"dComplex_focus,H","WHERE","reverseB","focus complexity: Hard","p",35,NA,NA,NA
"118",0,-0.304055528837319,0.30726663994843,"dComplex_focus,E_M","WHAT_Ql","reverseB","focus complexity: Easy-Medium","p",35,"",FALSE,0
"119",0.0555555555555556,-0.233964282195389,0.3455753933065,"dComplex_focus,E_H","WHAT_Ql","reverseB","focus complexity: Easy-Hard","p",35,"",FALSE,0
"120",-0.08,-0.327121928325512,0.167929928325512,"dComplex_focus,M_H","WHAT_Ql","reverseB","focus complexity: Medium-Hard","p",35,"",FALSE,0
"121",0.0833333333333333,-0.280141737631191,0.446558404297857,"dComplex_focus,E_M","WHAT_Qn","reverseB","focus complexity: Easy-Medium","p",35,"",FALSE,0
"122",0.0833333333333333,-0.346690718358349,0.507740718358349,"dComplex_focus,E_H","WHAT_Qn","reverseB","focus complexity: Easy-Hard","p",35,"",FALSE,0
"123",0,-0.319093987839904,0.32100065450657,"dComplex_focus,M_H","WHAT_Qn","reverseB","focus complexity: Medium-Hard","p",35,"",FALSE,0
"124",-0.375,-0.717605937361143,-0.0356690626388566,"dComplex_focus,E_M","WHERE","reverseB","focus complexity: Easy-Medium","p",35,"",TRUE,1
"125",-0.5,-0.8480806817925,-0.149519318207501,"dComplex_focus,E_H","WHERE","reverseB","focus complexity: Easy-Hard","p",35,"",TRUE,1
"126",0.0588235294117647,-0.244218778594394,0.358418778594394,"dComplex_focus,M_H","WHERE","reverseB","focus complexity: Medium-Hard","p",35,"",FALSE,0
"127",0.466666666666667,0.213770777328079,0.718029222671921,"dComplex_focus,E","WHAT_Ql","reverseB","focus complexity: Easy","p",40,NA,NA,NA
"128",0.357142857142857,0.179574557445927,0.533711156839788,"dComplex_focus,M","WHAT_Ql","reverseB","focus complexity: Medium","p",40,NA,NA,NA
"129",0.44,0.245080229351454,0.635903770648546,"dComplex_focus,H","WHAT_Ql","reverseB","focus complexity: Hard","p",40,NA,NA,NA
"130",0.363636363636364,0.0808976097282825,0.645011481180808,"dComplex_focus,E","WHAT_Qn","reverseB","focus complexity: Easy","p",40,NA,NA,NA
"131",0.428571428571429,0.169707587466349,0.687806698247936,"dComplex_focus,M","WHAT_Qn","reverseB","focus complexity: Medium","p",40,NA,NA,NA
"132",0.375,0.138188603631849,0.613298896368151,"dComplex_focus,H","WHAT_Qn","reverseB","focus complexity: Hard","p",40,NA,NA,NA
"133",0.166666666666667,-0.129335339347518,0.467402006014185,"dComplex_focus,E","WHERE","reverseB","focus complexity: Easy","p",40,NA,NA,NA
"134",0.5,0.290651063939683,0.713185299696681,"dComplex_focus,M","WHERE","reverseB","focus complexity: Medium","p",40,NA,NA,NA
"135",0.5,0.23657077256444,0.763314941721274,"dComplex_focus,H","WHERE","reverseB","focus complexity: Hard","p",40,NA,NA,NA
"136",0.0666666666666667,-0.274887261786129,0.405967261786129,"dComplex_focus,E_M","WHAT_Ql","reverseB","focus complexity: Easy-Medium","p",40,"",FALSE,0
"137",0.133333333333333,-0.175282234608752,0.443335567942085,"dComplex_focus,E_H","WHAT_Ql","reverseB","focus complexity: Easy-Hard","p",40,"",FALSE,0
"138",-0.08,-0.325815378526987,0.165175378526987,"dComplex_focus,M_H","WHAT_Ql","reverseB","focus complexity: Medium-Hard","p",40,"",FALSE,0
"139",0,-0.353394982376094,0.356049527830639,"dComplex_focus,E_M","WHAT_Qn","reverseB","focus complexity: Easy-Medium","p",40,"",FALSE,0
"140",0,-0.440378323838165,0.43352377838362,"dComplex_focus,E_H","WHAT_Qn","reverseB","focus complexity: Easy-Hard","p",40,"",FALSE,0
"141",0,-0.395786283310042,0.394314854738614,"dComplex_focus,M_H","WHAT_Qn","reverseB","focus complexity: Medium-Hard","p",40,"",FALSE,0
"142",-0.333333333333333,-0.707595906229906,0.0453292395632396,"dComplex_focus,E_M","WHERE","reverseB","focus complexity: Easy-Medium","p",40,"",FALSE,0
"143",-0.666666666666667,-1.04407656594761,-0.289856767385727,"dComplex_focus,E_H","WHERE","reverseB","focus complexity: Easy-Hard","p",40,"",TRUE,1
"144",0,-0.345196795072899,0.352739652215756,"dComplex_focus,M_H","WHERE","reverseB","focus complexity: Medium-Hard","p",40,"",FALSE,0
"145",0.5,0.191294479670074,0.806425520329926,"dComplex_focus,E","WHAT_Ql","reverseB","focus complexity: Easy","p",45,NA,NA,NA
"146",0.375,0.179376386563964,0.567698613436036,"dComplex_focus,M","WHAT_Ql","reverseB","focus complexity: Medium","p",45,NA,NA,NA
"147",0.44,0.247103402489426,0.633816597510574,"dComplex_focus,H","WHAT_Ql","reverseB","focus complexity: Hard","p",45,NA,NA,NA
"148",0.363636363636364,0.0762206565614434,0.647797525256739,"dComplex_focus,E","WHAT_Qn","reverseB","focus complexity: Easy","p",45,NA,NA,NA
"149",0.384615384615385,0.117956615341352,0.648612615427879,"dComplex_focus,M","WHAT_Qn","reverseB","focus complexity: Medium","p",45,NA,NA,NA
"150",0.375,0.137475093742012,0.610887406257988,"dComplex_focus,H","WHAT_Qn","reverseB","focus complexity: Hard","p",45,NA,NA,NA
"151",0.166666666666667,-0.136075230154887,0.466508563488221,"dComplex_focus,E","WHERE","reverseB","focus complexity: Easy","p",45,NA,NA,NA
"152",0.5,0.29250098249197,0.710671744780757,"dComplex_focus,M","WHERE","reverseB","focus complexity: Medium","p",45,NA,NA,NA
"153",0.461538461538462,0.186862163464121,0.733291682689725,"dComplex_focus,H","WHERE","reverseB","focus complexity: Hard","p",45,NA,NA,NA
"154",0.2,-0.263344150115567,0.659284150115567,"dComplex_focus,E_M","WHAT_Ql","reverseB","focus complexity: Easy-Medium","p",45,"",FALSE,0
"155",0.1,-0.327613411383891,0.534373411383891,"dComplex_focus,E_H","WHAT_Ql","reverseB","focus complexity: Easy-Hard","p",45,"",FALSE,0
"156",-0.0416666666666667,-0.357461559027925,0.272069892361258,"dComplex_focus,M_H","WHAT_Ql","reverseB","focus complexity: Medium-Hard","p",45,"",FALSE,0
"157",0,-0.436248016872532,0.439648016872532,"dComplex_focus,E_M","WHAT_Qn","reverseB","focus complexity: Easy-Medium","p",45,"",FALSE,0
"158",0,-0.440895839536958,0.434895839536958,"dComplex_focus,E_H","WHAT_Qn","reverseB","focus complexity: Easy-Hard","p",45,"",FALSE,0
"159",0,-0.429481303424996,0.424819764963458,"dComplex_focus,M_H","WHAT_Qn","reverseB","focus complexity: Medium-Hard","p",45,"",FALSE,0
"160",-0.333333333333333,-0.710234451920546,0.0409344519205461,"dComplex_focus,E_M","WHERE","reverseB","focus complexity: Easy-Medium","p",45,"",FALSE,0
"161",-0.5,-0.898762555868011,-0.104104110798656,"dComplex_focus,E_H","WHERE","reverseB","focus complexity: Easy-Hard","p",45,"",TRUE,1
"162",0,-0.429472967081488,0.427626813235334,"dComplex_focus,M_H","WHERE","reverseB","focus complexity: Medium-Hard","p",45,"",FALSE,0
"163",0.5,0.191705618862062,0.813454381137938,"dComplex_focus,E","WHAT_Ql","reverseB","focus complexity: Easy","p",50,NA,NA,NA
"164",0.428571428571429,0.215629555461546,0.639418063586072,"dComplex_focus,M","WHAT_Ql","reverseB","focus complexity: Medium","p",50,NA,NA,NA
"165",0.458333333333333,0.260512426621033,0.6578709067123,"dComplex_focus,H","WHAT_Ql","reverseB","focus complexity: Hard","p",50,NA,NA,NA
"166",0.444444444444444,0.116755460858062,0.770200094697493,"dComplex_focus,E","WHAT_Qn","reverseB","focus complexity: Easy","p",50,NA,NA,NA
"167",0.384615384615385,0.116842705121762,0.648126525647468,"dComplex_focus,M","WHAT_Qn","reverseB","focus complexity: Medium","p",50,NA,NA,NA
"168",0.375,0.137799477072593,0.610300522927407,"dComplex_focus,H","WHAT_Qn","reverseB","focus complexity: Hard","p",50,NA,NA,NA
"169",0.166666666666667,-0.13198653485953,0.466319868192864,"dComplex_focus,E","WHERE","reverseB","focus complexity: Easy","p",50,NA,NA,NA
"170",0.523809523809524,0.311185722684656,0.738014277315344,"dComplex_focus,M","WHERE","reverseB","focus complexity: Medium","p",50,NA,NA,NA
"171",0.454545454545455,0.156627985942096,0.748172014057904,"dComplex_focus,H","WHERE","reverseB","focus complexity: Hard","p",50,NA,NA,NA
"172",0.1,-0.329566336980936,0.532986336980936,"dComplex_focus,E_M","WHAT_Ql","reverseB","focus complexity: Easy-Medium","p",50,"",FALSE,0
"173",0.1,-0.334513303201355,0.537333303201355,"dComplex_focus,E_H","WHAT_Ql","reverseB","focus complexity: Easy-Hard","p",50,"",FALSE,0
"174",-0.0476190476190476,-0.412314682092733,0.315476586854637,"dComplex_focus,M_H","WHAT_Ql","reverseB","focus complexity: Medium-Hard","p",50,"",FALSE,0
"175",0.222222222222222,-0.289110797102317,0.736488574880094,"dComplex_focus,E_M","WHAT_Qn","reverseB","focus complexity: Easy-Medium","p",50,"",FALSE,0
"176",0.111111111111111,-0.461351630406401,0.691951630406401,"dComplex_focus,E_H","WHAT_Qn","reverseB","focus complexity: Easy-Hard","p",50,"",FALSE,0
"177",0,-0.433654590626897,0.428162282934589,"dComplex_focus,M_H","WHAT_Qn","reverseB","focus complexity: Medium-Hard","p",50,"",FALSE,0
"178",-0.333333333333333,-0.711517667310225,0.0489176673102254,"dComplex_focus,E_M","WHERE","reverseB","focus complexity: Easy-Medium","p",50,"",FALSE,0
"179",-0.5,-0.900096322138772,-0.0973370111945613,"dComplex_focus,E_H","WHERE","reverseB","focus complexity: Easy-Hard","p",50,"",TRUE,1
"180",0.0909090909090909,-0.39033657646834,0.560082031013794,"dComplex_focus,M_H","WHERE","reverseB","focus complexity: Medium-Hard","p",50,"",FALSE,0
