"","mean_CI","low_CI","high_CI","category_combination","X5","question","orderCategoryCombination","filterType","filterValue","significantDifference","sizeSignificantDifference"
"1",0.419354838709677,0.319518022591202,0.51900025697869,"focus,WHAT_Ql","","reverseB","focus: WHAT_Ql","p",0,NA,NA
"2",0.3375,0.233104287281911,0.441515712718089,"focus,WHAT_Qn","","reverseB","focus: WHAT_Qn","p",0,NA,NA
"3",0.394366197183099,0.279305229426146,0.507708855080896,"focus,WHERE","","reverseB","focus: WHERE","p",0,NA,NA
"4",0.075,-0.0743031646537774,0.225708164653777,"focus: WHAT_Ql-WHAT_Qn","","reverseB","focus: WHAT_Ql-WHAT_Qn","p",0,FALSE,0
"5",0.0140845070422535,-0.137861244786607,0.166666878589424,"focus: WHAT_Ql-WHERE","","reverseB","focus: WHAT_Ql-WHERE","p",0,FALSE,0
"6",-0.0422535211267606,-0.208228192490146,0.124383122067611,"focus: WHAT_Qn-WHERE","","reverseB","focus: WHAT_Qn-WHERE","p",0,FALSE,0
"7",0.406976744186047,0.303949413776509,0.511113376921165,"focus,WHAT_Ql","","reverseB","focus: WHAT_Ql","p",5,NA,NA
"8",0.342465753424658,0.233401429971305,0.451787611124586,"focus,WHAT_Qn","","reverseB","focus: WHAT_Qn","p",5,NA,NA
"9",0.373134328358209,0.257907168967684,0.490457010136793,"focus,WHERE","","reverseB","focus: WHERE","p",5,NA,NA
"10",0.0547945205479452,-0.0999342219345027,0.211534221934503,"focus: WHAT_Ql-WHAT_Qn","","reverseB","focus: WHAT_Ql-WHAT_Qn","p",5,FALSE,0
"11",0.0298507462686567,-0.123752034445954,0.183014721013118,"focus: WHAT_Ql-WHERE","","reverseB","focus: WHAT_Ql-WHERE","p",5,FALSE,0
"12",-0.0149253731343284,-0.173515550228539,0.143252863661375,"focus: WHAT_Qn-WHERE","","reverseB","focus: WHAT_Qn-WHERE","p",5,FALSE,0
"13",0.4125,0.304624466718297,0.519335533281703,"focus,WHAT_Ql","","reverseB","focus: WHAT_Ql","p",10,NA,NA
"14",0.349206349206349,0.230204816540267,0.467493596158146,"focus,WHAT_Qn","","reverseB","focus: WHAT_Qn","p",10,NA,NA
"15",0.384615384615385,0.266662858698972,0.502881756685644,"focus,WHERE","","reverseB","focus: WHERE","p",10,NA,NA
"16",0.0476190476190476,-0.128995016135775,0.226963270104029,"focus: WHAT_Ql-WHAT_Qn","","reverseB","focus: WHAT_Ql-WHAT_Qn","p",10,FALSE,0
"17",0.0153846153846154,-0.146991860216116,0.177591860216116,"focus: WHAT_Ql-WHERE","","reverseB","focus: WHAT_Ql-WHERE","p",10,FALSE,0
"18",-0.0158730158730159,-0.171385141292492,0.139327998435349,"focus: WHAT_Qn-WHERE","","reverseB","focus: WHAT_Qn-WHERE","p",10,FALSE,0
"19",0.402597402597403,0.292855551322382,0.513144448677618,"focus,WHAT_Ql","","reverseB","focus: WHAT_Ql","p",15,NA,NA
"20",0.366666666666667,0.244313259939293,0.48915007339404,"focus,WHAT_Qn","","reverseB","focus: WHAT_Qn","p",15,NA,NA
"21",0.387096774193548,0.267112006712176,0.509107348126533,"focus,WHERE","","reverseB","focus: WHERE","p",15,NA,NA
"22",0.0333333333333333,-0.13191042596119,0.20012042596119,"focus: WHAT_Ql-WHAT_Qn","","reverseB","focus: WHAT_Ql-WHAT_Qn","p",15,FALSE,0
"23",0.0161290322580645,-0.14079150421161,0.175172149372901,"focus: WHAT_Ql-WHERE","","reverseB","focus: WHAT_Ql-WHERE","p",15,FALSE,0
"24",-0.0166666666666667,-0.17303122732274,0.140927893989406,"focus: WHAT_Qn-WHERE","","reverseB","focus: WHAT_Qn-WHERE","p",15,FALSE,0
"25",0.402597402597403,0.29394423025943,0.511450574935376,"focus,WHAT_Ql","","reverseB","focus: WHAT_Ql","p",20,NA,NA
"26",0.381818181818182,0.253443101341756,0.509753262294608,"focus,WHAT_Qn","","reverseB","focus: WHAT_Qn","p",20,NA,NA
"27",0.406779661016949,0.280249306521291,0.531981201953285,"focus,WHERE","","reverseB","focus: WHERE","p",20,NA,NA
"28",0,-0.188439406274691,0.189766679001963,"focus: WHAT_Ql-WHAT_Qn","","reverseB","focus: WHAT_Ql-WHAT_Qn","p",20,FALSE,0
"29",-0.0169491525423729,-0.185269945626046,0.15205977613452,"focus: WHAT_Ql-WHERE","","reverseB","focus: WHAT_Ql-WHERE","p",20,FALSE,0
"30",-0.0181818181818182,-0.203998550261134,0.166460368442952,"focus: WHAT_Qn-WHERE","","reverseB","focus: WHAT_Qn-WHERE","p",20,FALSE,0
"31",0.402597402597403,0.293392933104273,0.513986287674948,"focus,WHAT_Ql","","reverseB","focus: WHAT_Ql","p",25,NA,NA
"32",0.38,0.243978056690028,0.515737943309972,"focus,WHAT_Qn","","reverseB","focus: WHAT_Qn","p",25,NA,NA
"33",0.403508771929825,0.27684160840623,0.532018040716577,"focus,WHERE","","reverseB","focus: WHERE","p",25,NA,NA
"34",0.02,-0.150387094431072,0.192851094431072,"focus: WHAT_Ql-WHAT_Qn","","reverseB","focus: WHAT_Ql-WHAT_Qn","p",25,FALSE,0
"35",-0.0175438596491228,-0.192482501034172,0.161064957174523,"focus: WHAT_Ql-WHERE","","reverseB","focus: WHAT_Ql-WHERE","p",25,FALSE,0
"36",-0.02,-0.218928545965338,0.179096545965338,"focus: WHAT_Qn-WHERE","","reverseB","focus: WHAT_Qn-WHERE","p",25,FALSE,0
"37",0.410958904109589,0.298267005428094,0.523327515119852,"focus,WHAT_Ql","","reverseB","focus: WHAT_Ql","p",35,NA,NA
"38",0.395348837209302,0.249272846218676,0.541555060758068,"focus,WHAT_Qn","","reverseB","focus: WHAT_Qn","p",35,NA,NA
"39",0.404255319148936,0.263947107053617,0.545865658903829,"focus,WHERE","","reverseB","focus: WHERE","p",35,NA,NA
"40",0.0697674418604651,-0.127569147503021,0.266397054479765,"focus: WHAT_Ql-WHAT_Qn","","reverseB","focus: WHAT_Ql-WHAT_Qn","p",35,FALSE,0
"41",0.0212765957446809,-0.1706141556896,0.214575857817259,"focus: WHAT_Ql-WHERE","","reverseB","focus: WHAT_Ql-WHERE","p",35,FALSE,0
"42",0,-0.226058943089918,0.223356617508522,"focus: WHAT_Qn-WHERE","","reverseB","focus: WHAT_Qn-WHERE","p",35,FALSE,0
"43",0.411764705882353,0.294974640985389,0.528951829602846,"focus,WHAT_Ql","","reverseB","focus: WHAT_Ql","p",40,NA,NA
"44",0.390243902439024,0.244235488923819,0.53935475497862,"focus,WHAT_Qn","","reverseB","focus: WHAT_Qn","p",40,NA,NA
"45",0.452380952380952,0.301426849278599,0.60224457929283,"focus,WHERE","","reverseB","focus: WHERE","p",40,NA,NA
"46",0.0487804878048781,-0.154907581305857,0.251029532525369,"focus: WHAT_Ql-WHAT_Qn","","reverseB","focus: WHAT_Ql-WHAT_Qn","p",40,FALSE,0
"47",-0.0238095238095238,-0.248237368792014,0.201994511649157,"focus: WHAT_Ql-WHERE","","reverseB","focus: WHAT_Ql-WHERE","p",40,FALSE,0
"48",-0.0487804878048781,-0.273535467392347,0.174072052758201,"focus: WHAT_Qn-WHERE","","reverseB","focus: WHAT_Qn-WHERE","p",40,FALSE,0
"49",0.423728813559322,0.299303702973162,0.548174263128533,"focus,WHAT_Ql","","reverseB","focus: WHAT_Ql","p",45,NA,NA
"50",0.375,0.224411654658504,0.526953345341496,"focus,WHAT_Qn","","reverseB","focus: WHAT_Qn","p",45,NA,NA
"51",0.439024390243902,0.287301236756723,0.591947543731081,"focus,WHERE","","reverseB","focus: WHERE","p",45,NA,NA
"52",0.05,-0.170010434888763,0.267130434888763,"focus: WHAT_Ql-WHAT_Qn","","reverseB","focus: WHAT_Ql-WHAT_Qn","p",45,FALSE,0
"53",-0.024390243902439,-0.243707273519775,0.193131663763677,"focus: WHAT_Ql-WHERE","","reverseB","focus: WHAT_Ql-WHERE","p",45,FALSE,0
"54",-0.05,-0.289733358031262,0.188483358031262,"focus: WHAT_Qn-WHERE","","reverseB","focus: WHAT_Qn-WHERE","p",45,FALSE,0
"55",0.454545454545455,0.32216333753774,0.587051207916805,"focus,WHAT_Ql","","reverseB","focus: WHAT_Ql","p",50,NA,NA
"56",0.394736842105263,0.240171096945038,0.547586797791804,"focus,WHAT_Qn","","reverseB","focus: WHAT_Qn","p",50,NA,NA
"57",0.447368421052632,0.287703664086714,0.606838441176444,"focus,WHERE","","reverseB","focus: WHERE","p",50,NA,NA
"58",0.0526315789473684,-0.188148872143806,0.293743608985912,"focus: WHAT_Ql-WHAT_Qn","","reverseB","focus: WHAT_Ql-WHAT_Qn","p",50,FALSE,0
"59",0,-0.230890747491104,0.231648642227946,"focus: WHAT_Ql-WHERE","","reverseB","focus: WHAT_Ql-WHERE","p",50,FALSE,0
"60",-0.0526315789473684,-0.302671122583277,0.198676385741171,"focus: WHAT_Qn-WHERE","","reverseB","focus: WHAT_Qn-WHERE","p",50,FALSE,0
"61",0.5,0.356346556949774,0.640599276383559,"focus,WHAT_Ql","","reverseB","focus: WHAT_Ql","p",55,NA,NA
"62",0.363636363636364,0.200740154950267,0.525805299595188,"focus,WHAT_Qn","","reverseB","focus: WHAT_Qn","p",55,NA,NA
"63",0.4375,0.265736214119734,0.610963785880266,"focus,WHERE","","reverseB","focus: WHERE","p",55,NA,NA
"64",0.121212121212121,-0.114529613770549,0.359559916800852,"focus: WHAT_Ql-WHAT_Qn","","reverseB","focus: WHAT_Ql-WHAT_Qn","p",55,FALSE,0
"65",0.03125,-0.219170234679596,0.284482734679596,"focus: WHAT_Ql-WHERE","","reverseB","focus: WHAT_Ql-WHERE","p",55,FALSE,0
"66",-0.0625,-0.291589515668403,0.164770765668403,"focus: WHAT_Qn-WHERE","","reverseB","focus: WHAT_Qn-WHERE","p",55,FALSE,0
"67",0.478260869565217,0.334018737116024,0.624324741144845,"focus,WHAT_Ql","","reverseB","focus: WHAT_Ql","p",60,NA,NA
"68",0.344827586206897,0.173902646837679,0.516187008334734,"focus,WHAT_Qn","","reverseB","focus: WHAT_Qn","p",60,NA,NA
"69",0.433333333333333,0.254185547708249,0.609794452291751,"focus,WHERE","","reverseB","focus: WHERE","p",60,NA,NA
"70",0.103448275862069,-0.115892253398635,0.322519839605532,"focus: WHAT_Ql-WHAT_Qn","","reverseB","focus: WHAT_Ql-WHAT_Qn","p",60,FALSE,0
"71",0,-0.244995530944511,0.242848864277844,"focus: WHAT_Ql-WHERE","","reverseB","focus: WHAT_Ql-WHERE","p",60,FALSE,0
"72",-0.0689655172413793,-0.321053402748081,0.184639609644633,"focus: WHAT_Qn-WHERE","","reverseB","focus: WHAT_Qn-WHERE","p",60,FALSE,0
"73",0.476190476190476,0.326123333083645,0.626581428821117,"focus,WHAT_Ql","","reverseB","focus: WHAT_Ql","p",65,NA,NA
"74",0.4,0.20569341970994,0.59405058029006,"focus,WHAT_Qn","","reverseB","focus: WHAT_Qn","p",65,NA,NA
"75",0.444444444444444,0.256244295431573,0.632666815679538,"focus,WHERE","","reverseB","focus: WHERE","p",65,NA,NA
"76",0.04,-0.167586161001008,0.247298161001008,"focus: WHAT_Ql-WHAT_Qn","","reverseB","focus: WHAT_Ql-WHAT_Qn","p",65,FALSE,0
"77",0,-0.288101411039622,0.29370881844703,"focus: WHAT_Ql-WHERE","","reverseB","focus: WHAT_Ql-WHERE","p",65,FALSE,0
"78",-0.04,-0.320070460873762,0.240006460873762,"focus: WHAT_Qn-WHERE","","reverseB","focus: WHAT_Qn-WHERE","p",65,FALSE,0
"79",0.487179487179487,0.329997756603179,0.64383301262759,"focus,WHAT_Ql","","reverseB","focus: WHAT_Ql","p",70,NA,NA
"80",0.428571428571429,0.216659265950289,0.638340734049711,"focus,WHAT_Qn","","reverseB","focus: WHAT_Qn","p",70,NA,NA
"81",0.423076923076923,0.234031994364646,0.607606467173815,"focus,WHERE","","reverseB","focus: WHERE","p",70,NA,NA
"82",0,-0.295794695338307,0.295556600100212,"focus: WHAT_Ql-WHAT_Qn","","reverseB","focus: WHAT_Ql-WHAT_Qn","p",70,FALSE,0
"83",0,-0.259257001306912,0.258157001306912,"focus: WHAT_Ql-WHERE","","reverseB","focus: WHAT_Ql-WHERE","p",70,FALSE,0
"84",0,-0.326714660499993,0.316562279547612,"focus: WHAT_Qn-WHERE","","reverseB","focus: WHAT_Qn-WHERE","p",70,FALSE,0
"85",0.513513513513513,0.352424054575916,0.674035404883544,"focus,WHAT_Ql","","reverseB","focus: WHAT_Ql","p",75,NA,NA
"86",0.473684210526316,0.248974167070515,0.697425832929485,"focus,WHAT_Qn","","reverseB","focus: WHAT_Qn","p",75,NA,NA
"87",0.44,0.245035531591006,0.634748468408994,"focus,WHERE","","reverseB","focus: WHERE","p",75,NA,NA
"88",0,-0.35955052157604,0.358203153154988,"focus: WHAT_Ql-WHAT_Qn","","reverseB","focus: WHAT_Ql-WHAT_Qn","p",75,FALSE,0
"89",0.04,-0.192318399333087,0.275990399333087,"focus: WHAT_Ql-WHERE","","reverseB","focus: WHAT_Ql-WHERE","p",75,FALSE,0
"90",0.0526315789473684,-0.256170726410043,0.367097042199517,"focus: WHAT_Qn-WHERE","","reverseB","focus: WHAT_Qn-WHERE","p",75,FALSE,0
